config,model,accuracy,test_samples,train_period,test_period,label,show_volume
I5R5_09-11.yml,I5R5_OHLCV_09-11.tar,0.4000000059604645,76,20091231-20111231,20111231-20121231,RET5,True
I5R5_10-12.yml,I5R5_OHLCV_10-12.tar,0.5,68,20101231-20121231,20121231-20131231,RET5,True
I5R5_11-13.yml,I5R5_OHLCV_11-13.tar,0.5,75,20111231-20131231,20131231-20141231,RET5,True
I5R5_12-14.yml,I5R5_OHLCV_12-14.tar,0.30000001192092896,81,20121231-20141231,20141231-20151231,RET5,True
I5R5_13-15.yml,I5R5_OHLCV_13-15.tar,0.6000000238418579,66,20131231-20151231,20151231-20161231,RET5,True
I5R5_14-16.yml,I5R5_OHLCV_14-16.tar,0.4000000059604645,73,20141231-20161231,20161231-20171231,RET5,True
I5R5_15-17.yml,I5R5_OHLCV_15-17.tar,0.30000001192092896,87,20151231-20171231,20171231-20181231,RET5,True
I5R5_16-18.yml,I5R5_OHLCV_16-18.tar,0.5,82,20161231-20181231,20181231-20191231,RET5,True
I5R5_17-19.yml,I5R5_OHLCV_17-19.tar,0.5,153,20171231-20191231,20151231-20171231,RET5,True
