Strategy,HL_Return,HL_Volatility,HL_Sharpe,Accuracy,AUC
CNN,0.01718213058419238,0.6952800856467795,0.3922992657934807,0.5756236495776861,0.5041484913889351
